,name,category,star,star_count,review,address,lat,lng
0,교대곱창,"곱창,막창",3.0,159건,161,서울 서초구 서초중앙로 77,37.488679037366,127.01425177756
1,탐라도야지,"육류,고기",4.0,70건,220,서울 서초구 서초대로50길 82,37.489595083163,127.013561182941
2,장꼬방,"찌개,전골",3.2,299건,122,서울 서초구 효령로 364,37.4868928106781,127.023662920981
3,해담채 남부터미널점,"해물,생선",3.1,10건,47,서울 서초구 서초중앙로5길 10-8 쁘띠오피스텔 지하1층,37.4858654442726,127.015099594605
4,카페로비,디저트카페,3.9,15건,127,서울 서초구 반포대로20길 53 1층,37.4885347740802,127.012780905228
5,감격시대,"육류,고기",3.0,24건,134,서울 서초구 서초대로50길 104,37.4885454809991,127.013718729127
6,진대감 교대점,"육류,고기",2.9,18건,86,서울 서초구 서초대로50길 62-9,37.4903603599353,127.013109586323
7,사람사는 고깃집 김일도 서초점,"육류,고기",3.9,8건,105,서울 서초구 효령로55길 39 호텔센트로 1층,37.486578275487,127.014014385044
8,거북곱창,"곱창,막창",3.3,131건,64,서울 서초구 서초대로50길 94 1층,37.4890335646337,127.013652331411
9,우작설렁탕,설렁탕,3.7,106건,58,서울 서초구 서초중앙로6길 7 홍빌딩 지하1층,37.4861980516193,127.016121351333
10,그림나베 남부터미널점,일식,3.7,21건,81,"서울 서초구 서초중앙로 42 블루핀 타워 112,113호",37.4858656509843,127.016257753357
11,진대감 서초점,"육류,고기",4.5,2건,31,서울 서초구 효령로55길 39 센트로호텔 1층,37.486578275487,127.014014385044
12,교대수산 교대점,회,3.8,10건,35,서울 서초구 사임당로 85,37.4898853490328,127.019062868873
13,육통령,"육류,고기",2.4,10건,62,서울 서초구 반포대로20길 69,37.4887950669684,127.013660090025
14,레몬그라스타이,태국음식,4.0,6건,70,서울 서초구 효령로68길 67,37.4853601014751,127.021317868884
15,캔프치킨,치킨,4.2,16건,20,서울 서초구 반포대로24길 96 구산빌딩 1층,37.4888282723171,127.014017292973
16,화포식당 교대점,"육류,고기",3.4,17건,89,서울 서초구 서초대로46길 106,37.4900047429788,127.013806176476
17,세광양대창 교대별관,"곱창,막창",4.9,32건,29,서울 서초구 서초대로46길 99 2층,37.4901744397779,127.01348530141
18,도담,"떡,한과",3.8,10건,25,서울 서초구 효령로61길 14-13,37.4869513916894,127.01964567733
19,송쉐프 르쁘띠,중화요리,4.3,4건,18,서울 서초구 반포대로24길 95 1층,37.4891105523448,127.01406540183
20,더브레드블루 서초점,"제과,베이커리",4.1,8건,52,서울 서초구 서초중앙로8길 17 1층,37.4867883623402,127.01633857201
21,ttt커피 비씨카드점,카페,2.0,4건,42,서울 서초구 효령로 275 1층,37.4849697732269,127.014200758137
22,군자대한곱창 교대점,"곱창,막창",5.0,5건,40,서울 서초구 서초대로50길 76 1층,37.4898121370017,127.013551723943
23,항방양육관 교대2호점,양꼬치,3.6,23건,35,서울 서초구 서초대로50길 93 동명빌딩 2층,37.4890669600581,127.013926200625
24,송가옥,"육류,고기",4.6,7건,15,서울 서초구 반포대로20길 57 한송빌딩 지하 1층,37.488580801863,127.012907101872
25,형제들감자탕 교대점,감자탕,3.4,5건,26,서울 서초구 서초대로50길 63 1층,37.4904511963986,127.013770639952
26,마구로센 남부터미널점,참치회,3.3,9건,37,서울 서초구 반포대로14길 58 2층,37.4861893857813,127.01413665284
27,늘푸름홍천한우 서초점,"육류,고기",3.7,4건,77,서울 서초구 효령로55길 47,37.4869640877949,127.014009142827
28,원조두부촌,두부전문점,3.1,11건,12,서울 서초구 서초대로50길 79,37.4897435302428,127.0138967008
29,천지궁 서초점,중화요리,3.5,28건,23,서울 서초구 반포대로12길 33 현대오피스텔 1층,37.4853177812091,127.01308677007
30,바베큐큐브,"육류,고기",3.7,6건,67,서울 서초구 반포대로24길 95,37.4891105523448,127.01406540183
31,스타마라탕,중화요리,4.6,11건,29,서울 서초구 서초대로46길 109,37.4902379938396,127.013976397133
32,흑돼지삼백식당 서초점,"육류,고기",2.9,9건,59,서울 서초구 효령로55길 27 2층,37.4860159449826,127.014109144504
33,굴뚝집 남부터미널점,"육류,고기",3.6,8건,115,서울 서초구 효령로53길 23,37.4856969721579,127.0134734159
34,레트로카페트레이더,테마카페,3.6,9건,32,서울 서초구 효령로 316-1 2층,37.4854201490875,127.018966531325
35,스시환,"초밥,롤",2.8,22건,39,서울 서초구 서초중앙로 38,37.4854679435006,127.016275305738
36,도톤보리 교대점,일본식주점,3.0,9건,34,서울 서초구 서초대로50길 67,37.4902546011258,127.013731253787
37,회뜨는사나이 교대점,회,3.0,5건,119,서울 서초구 서초대로46길 106,37.4900047429788,127.013806176476
38,서초명가 서초본점,"해물,생선",4.5,4건,41,서울 서초구 효령로55길 28,37.4861327609484,127.01447946651
39,하남돼지집 교대점,삼겹살,3.8,20건,28,서울 서초구 서초대로46길 99,37.4901744397779,127.01348530141
40,항방양육관 교대본점,양꼬치,3.6,5건,9,서울 서초구 반포대로24길 77 상원빌딩 1층,37.488962077568,127.013186118511
41,윙크키친앤텝하우스,양식,2.9,10건,21,서울 서초구 서초중앙로 99 2층,37.4906233610491,127.013923323459
42,명불허전 원조골뱅이 교대본점,실내포장마차,4.7,11건,31,서울 서초구 서초대로50길 75,37.4898649017233,127.013847762095
43,스시36.5,"초밥,롤",5.0,8건,35,서울 서초구 효령로 307 1층,37.4855962923795,127.01783408772
44,705사케집 교대점,일본식주점,3.0,4건,26,서울 서초구 사임당로 26 신영빌딩 1층,37.4876445587152,127.012960084157
45,강촌식당 서초점,닭요리,3.4,5건,52,서울 서초구 효령로 316-1 1층,37.4854201490875,127.018966531325
46,생활맥주 남부터미널점,"호프,요리주점",4.0,5건,16,서울 서초구 효령로55길 15 벨타워오피스텔 1층 104호,37.4854603723598,127.01420017259
47,정순화청국장 서초본점,한식,4.6,5건,8,서울 서초구 효령로 362 야장빌딩 1층,37.4867687631524,127.023556370225
48,함평한우정육식당 서초본점,"육류,고기",3.5,4건,5,서울 서초구 효령로55길 57,37.4872629612234,127.013932649965
49,P268,카페,1.8,4건,36,서울 서초구 서초중앙로 72,37.4881216800977,127.014931006517
50,소울버킷,햄버거,4.6,12건,49,서울 서초구 서초중앙로 75 202호,37.4885005435472,127.014286230696
51,스타벅스 남부터미널점,커피전문점,3.5,16건,7,서울 서초구 서초중앙로 26 서초동 삼성 래미안 아파트 유니빌1층,37.4846872089607,127.016991752076
52,조선화로집 교대점,"육류,고기",5.0,1건,5,서울 서초구 사임당로 27 평환빌딩 1층,37.4881098155374,127.013174322322
53,미토요,"돈까스,우동",3.3,4건,43,서울 서초구 효령로 279 지하1층,37.4849415024327,127.014765522044
54,더진미평냉,냉면,4.5,14건,11,서울 서초구 서초중앙로 58 피앤디 솔로빌 지하2층,37.4871437304777,127.015593855751
55,5의의미,"호프,요리주점",4.6,7건,9,서울 서초구 효령로67길 71-11,37.4898250478065,127.022288071182
56,호주,일본식주점,4.3,4건,20,서울 서초구 서초중앙로 51 서초신성미소시티 1층 105호,37.486312988348,127.014995322006
57,스타벅스 서울교대점,커피전문점,2.6,13건,9,서울 서초구 서초중앙로 64 1층,37.4874401271955,127.015170128436
58,해담 서초본점,회,2.3,14건,4,서울 서초구 사임당로 39 한성빌딩 2층,37.4884189352008,127.014095010132
59,유다,일본식주점,3.3,3건,9,서울 서초구 반포대로20길 57 한송빌딩 1층,37.488580801863,127.012907101872
60,KFC 서초동점,패스트푸드,2.4,20건,8,서울 서초구 효령로 283,37.485018595965,127.015025591396
61,백년불고기물갈비 서초점,"불고기,두루치기",4.6,5건,26,서울 서초구 효령로55길 22 그린빌오피스 101호,37.4857996317481,127.014693666479
62,도미노피자 서초점,피자,3.3,3건,5,"서울 서초구 사임당로 115 지하1층 B101,B102호",37.4911711387954,127.022363779966
63,롯데리아 남부터미널점,패스트푸드,2.0,21건,8,서울 서초구 효령로 289 장곡빌딩 103호,37.4851294931638,127.015844898549
64,에머이 남부터미널점,베트남음식,2.9,16건,184,"서울 서초구 서초중앙로 26 래미안 서초유니빌 1,2층",37.4846872089607,127.016991752076
65,신선설농탕 서초점,설렁탕,3.4,15건,6,서울 서초구 효령로 322,37.4855842185782,127.019544688905
66,가진항,회,3.0,13건,9,서울 서초구 서초대로50길 93,37.4890669600581,127.013926200625
67,진미일식,일식,5.0,3건,12,서울 서초구 효령로68길 102 선민빌딩 1층,37.4854064736992,127.019398672306
68,스타벅스 서초동점,커피전문점,4.0,8건,1,서울 서초구 남부순환로339길 64 현우빌딩1층,37.4859259765406,127.021583627348
69,티안,카페,4.3,3건,27,서울 서초구 서리풀길 21 1층,37.4881935694247,127.020424728243
70,BHC치킨 서초교대점,치킨,4.3,4건,2,서울 서초구 사임당로12길 17,37.4882555354808,127.01717358841
71,치킨24 교대본점,치킨,5.0,1건,5,서울 서초구 서초대로50길 66,37.4903893393009,127.013404378251
72,버거파이터,햄버거,4.7,9건,8,서울 서초구 사임당로 58 제일빌딩 1층,37.4886519231458,127.016295331893
73,바나프레소 남부터미널점,카페,2.8,4건,10,서울 서초구 효령로57길 1,37.4853173911549,127.016873739276
74,예향,한식,0.0,1건,4,서울 서초구 서초중앙로6길 5,37.4863609620923,127.016061233601
75,풍년서서갈비,갈비,3.0,9건,12,서울 서초구 서초대로50길 84-3,37.4894059557679,127.01361225804
76,북창동순두부 서초점,두부전문점,2.4,5건,14,서울 서초구 효령로 330 1층,37.4857601563836,127.020252541367
77,칭하이,중화요리,2.3,9건,26,서울 서초구 효령로68길 88 진영빌딩 1층,37.485542040319,127.020146990209
78,시래향 1호점 본점,한식,4.3,3건,10,서울 서초구 사임당로 66,37.4889994957009,127.017187101343
79,엘마론,카페,4.2,11건,8,서울 서초구 서초중앙로 51 신성미소시티 1층,37.486312988348,127.014995322006
80,아이언쉐프,"스테이크,립",4.7,7건,28,서울 서초구 사임당로8길 10,37.4880847799566,127.015313181369
81,우리바다생태찌개,"찌개,전골",3.8,15건,2,서울 서초구 반포대로24길 82,37.4887486063504,127.013385880372
82,이고집쭈꾸미 교대직영점,"해물,생선",3.0,3건,19,서울 서초구 서초대로50길 105,37.4886386932269,127.014076507534
83,동수원갈비 서초본점,갈비,2.7,3건,3,서울 서초구 효령로55길 28,37.4861327609484,127.01447946651
84,W23 서초점,와인바,3.0,5건,11,서울 서초구 효령로 331,37.4863955036774,127.020505987682
85,우리수산,회,4.0,4건,88,서울 서초구 효령로67길 7,37.487516626848,127.023420580883
86,소개야 교대직영점,"육류,고기",4.8,4건,23,서울 서초구 반포대로24길 77 상원빌딩 1층,37.488962077568,127.013186118511
87,서초아구해물찜탕,아구,4.6,10건,11,서울 서초구 효령로55길 15 벨타워 105호,37.4854603723598,127.01420017259
88,미스터피자 교대점,피자,5.0,1건,4,서울 서초구 서초중앙로 103,37.4908824057121,127.013880855014
89,동대문엽기떡볶이 교대점,떡볶이,2.3,10건,15,서울 서초구 서초중앙로 75 201호,37.4885005435472,127.014286230696
90,배수경양재정육식당,"육류,고기",3.0,2건,2,서울 서초구 남부순환로339길 72,37.4862096283726,127.021504447703
91,놀숲 교대점,만화카페,4.7,3건,6,서울 서초구 사임당로 46 서초제일빌딩 2층,37.4882876281375,127.015069778842
92,할리스커피 남부터미널점,커피전문점,4.0,5건,4,서울 서초구 서초중앙로 52 영진빌딩 1층,37.4867307777424,127.015750032123
93,황궁,중화요리,2.8,10건,9,서울 서초구 효령로55길 28,37.4861327609484,127.01447946651
94,서초갈매기,"육류,고기",0.0,0건,10,서울 서초구 서초대로46길 97 1층,37.490174728018,127.013327222883
95,엘브로커피,카페,5.0,7건,8,서울 서초구 서초대로46길 93 앱콥파크빌딩 101호,37.490154566372,127.013140419771
96,스시마카세,"초밥,롤",3.8,10건,5,서울 서초구 서초중앙로 42 블루핀타워B-109호,37.4858656509843,127.016257753357
97,한솥도시락 교대후문앞점,도시락,3.5,9건,6,서울 서초구 서초중앙로 83,37.4891321589395,127.014212401086
98,교촌치킨 서초3호점,치킨,2.9,12건,6,서울 서초구 사임당로 31,37.4882347498646,127.013488684094
99,카페설리번 서초점,카페,3.0,5건,16,서울 서초구 효령로 355 1층,37.4871865220316,127.022834999811
100,커피나무 교대점,카페,5.0,2건,7,서울 서초구 서초중앙로 97 1층,37.4904809088221,127.013948173577
101,삼학도,회,3.5,12건,2,서울 서초구 효령로57길 4,37.4854189072992,127.017065185618
102,크리스피크림도넛 남부터미널점,도넛,0.0,0건,3,서울 서초구 효령로 292 서울남부터미널 상가 1층,37.4835466074664,127.015110886678
103,본죽 남부터미널점,죽,2.0,14건,4,서울 서초구 효령로 303 부속상가 10동 1층 101호,37.4854765326893,127.017334073774
104,이디야커피 서울교대점,커피전문점,3.5,2건,2,서울 서초구 서초중앙로 89,37.4897639613474,127.014080563213
105,깐부치킨 남부터미널점,치킨,2.8,21건,8,"서울 서초구 서초중앙로 42 블루핀타워 B107,B108",37.4858656509843,127.016257753357
106,삼보부대고기,"찌개,전골",4.1,22건,16,서울 서초구 효령로68길 102 선민빌딩 지하 1층,37.4854064736992,127.019398672306
107,바르다김선생 남부터미널점,분식,2.3,9건,11,서울 서초구 반포대로14길 71 LG서초에클라트 1층,37.4869095170024,127.01450471794
108,전주 콩뿌리콩나물국밥,국밥,2.3,5건,14,서울 서초구 효령로53길 23,37.4856969721579,127.0134734159
109,허수아비 남부터미널점,"돈까스,우동",3.2,16건,11,서울 서초구 효령로 307 지하 1층,37.4855962923795,127.01783408772
110,카툰바이커피 서초본점,만화카페,5.0,3건,17,서울 서초구 효령로53길 45 지하1층,37.4865276721133,127.012932415371
111,배스킨라빈스 교대점,아이스크림,3.0,2건,4,서울 서초구 서초대로46길 109,37.4902379938396,127.013976397133
112,초막집 서초본점,"육류,고기",3.0,7건,5,서울 서초구 사임당로 46,37.4882876281375,127.015069778842
113,쏘옥,"제과,베이커리",4.6,8건,14,서울 서초구 사임당로8길 13 1층,37.4879089490512,127.015650889722
114,전주콩나루 콩나물국밥,국밥,3.7,3건,5,서울 서초구 서초중앙로 43 로얄타워,37.4855373251844,127.015576900888
115,파리바게뜨 남부터미널점,"제과,베이커리",3.0,9건,1,서울 서초구 효령로 279,37.4849415024327,127.014765522044
116,이디야커피 남부터미널점,커피전문점,2.3,3건,2,서울 서초구 효령로60길 15,37.4847196331124,127.01885373992
117,서초동연가 교대점,"육류,고기",3.8,7건,9,서울 서초구 서초대로46길 100,37.4899808098296,127.013515118273
118,금화왕돈까스 남부터미널점,"돈까스,우동",1.6,7건,4,서울 서초구 서초중앙로 26 1층 116호,37.4846872089607,127.016991752076
119,육대장 남부터미널점,국밥,3.3,4건,10,서울 서초구 반포대로14길 42 오영빌딩 2층,37.4858456414219,127.013448002236
120,항아리식당,한식,5.0,2건,1,서울 서초구 남부순환로339길 64,37.4859259765406,127.021583627348
121,다동 모밀우동오뎅전문,"돈까스,우동",2.1,32건,10,서울 서초구 사임당로 33,37.4883244624687,127.013729882838
122,교대명가,"곱창,막창",3.0,3건,8,"서울 서초구 서초중앙로 79 1,2층",37.4888545553381,127.014238129094
123,호아빈오리진 교대점,동남아음식,4.2,5건,14,서울 서초구 서초중앙로 97 2층,37.4904809088221,127.013948173577
124,팔도명가산야채순대국 본점,순대,3.2,10건,3,서울 서초구 서초중앙로 58 피앤디솔로빌 1층,37.4871437304777,127.015593855751
125,할리스커피 서초점,커피전문점,5.0,3건,0,서울 서초구 사임당로 26,37.4876445587152,127.012960084157
126,길초밥,"초밥,롤",5.0,2건,18,서울 서초구 사임당로 28,37.4877514833018,127.01318658415
127,죠스떡볶이 남부터미널점,떡볶이,1.8,6건,7,서울 서초구 반포대로14길 71 LG서초에클라트 101호,37.4869095170024,127.01450471794
128,논골집 서초점,"육류,고기",3.3,8건,8,서울 서초구 서초중앙로 66 1층,37.4877248577343,127.015076336989
129,류 서초점,일본식주점,5.0,1건,16,서울 서초구 서초중앙로8길 12 1층,37.4865382572739,127.016231214753
130,우공뭉티기 서초점,"육류,고기",1.0,1건,37,서울 서초구 사임당로 28 1층,37.4877514833018,127.01318658415
131,해방촌HBC고깃집 남부터미널점,"육류,고기",4.6,7건,4,서울 서초구 서초중앙로 46 2층,37.4860819451591,127.015873932206
132,커피빈 남부터미널역점,커피전문점,3.5,8건,1,서울 서초구 서초중앙로 43 로얄타워 1층,37.4855373251844,127.015576900888
133,국대떡볶이 서초남부점,떡볶이,3.4,40건,9,서울 서초구 효령로 314 서광빌딩,37.4853058757741,127.018559459555
134,새마을식당 남부터미널점,"육류,고기",1.4,12건,11,서울 서초구 효령로55길 19 제일빌딩 1층,37.485658507521,127.014171603888
135,강릉경북회집,회,4.0,2건,4,서울 서초구 서초중앙로5길 10-24,37.4864179119086,127.01462673757
136,소나기,한식,4.0,1건,5,서울 서초구 효령로68길 104,37.4853400090711,127.019216390281
137,몬쿠 교대점,"호프,요리주점",4.0,1건,5,서울 서초구 서초중앙로 83,37.4891321589395,127.014212401086
138,가마로강정 교대점,닭강정,4.0,3건,2,서울 서초구 사임당로12길 16 서현빌딩 1층,37.4882662996326,127.016881073793
139,삼계탕마을 서초점,삼계탕,3.2,6건,9,"서울 서초구 효령로 316 정림빌딩 1, 2층",37.4853777314425,127.018842485471
140,중국성,중화요리,3.0,2건,2,서울 서초구 서초중앙로8길 136,37.4873594913749,127.02295988236
141,한신VIP일번지포차,실내포장마차,5.0,1건,1,서울 서초구 남부순환로339길 72 목전빌딩 1층,37.4862096283726,127.021504447703
142,공차 서초점,카페,2.9,8건,0,서울 서초구 효령로55길 28 브이샤르망빌딩 108호 ,37.4861327609484,127.01447946651
143,파스쿠찌 서초점,커피전문점,3.0,4건,2,서울 서초구 서초중앙로8길 7 지하1층,37.4866756094863,127.015948005292
144,셰프의돈까스 남부터미널점,"돈까스,우동",4.0,4건,10,서울 서초구 반포대로14길 71 2층,37.4869095170024,127.01450471794
145,명가교동짬뽕 서초점,중화요리,3.0,13건,4,서울 서초구 반포대로14길 71,37.4869095170024,127.01450471794
146,칠번가피자 서초교대점,피자,5.0,1건,23,서울 서초구 남부순환로339길 47-1 현우빌딩 1층,37.4848865537235,127.021690628752
147,강남짬뽕,중화요리,2.0,9건,24,서울 서초구 효령로 289,37.4851294931638,127.015844898549
148,진배족발 서초점,"족발,보쌈",0.0,0건,2,서울 서초구 효령로55길 28 브이샤르망 2층 206호,37.4861327609484,127.01447946651
149,리어카포차 서초교대1호점,실내포장마차,0.0,0건,7,서울 서초구 사임당로 39 105호,37.4884189352008,127.014095010132
150,큰이모 부대찌개,"찌개,전골",5.0,2건,7,서울 서초구 효령로53길 21,37.485501901176,127.013496898963
151,취홍,중식,0.0,0건,3,서울 서초구 사임당로 46,37.4882876281375,127.015069778842
152,조가홍닭 남부터미널점,치킨,4.4,9건,5,서울 서초구 효령로55길 22 그린빌오피스텔 104호,37.4857996317481,127.014693666479
153,저스트블랙,"호프,요리주점",4.0,7건,11,서울 서초구 서초대로50길 84-11 동혜빌딩 1층,37.4893058158109,127.013152256884
154,강창구찹쌀진순대 남부터미널점,순대,2.6,8건,5,서울 서초구 효령로 330-1,37.4858235616857,127.020401808569
155,페임커피,커피전문점,4.7,7건,5,서울 서초구 사임당로12길 17,37.4882555354808,127.01717358841
156,12바스켓,샌드위치,5.0,5건,40,서울 서초구 효령로 304 국제전자센터 지하1층,37.4847315992014,127.017803806463
157,브루웍스 남부터미널역점,"호프,요리주점",4.0,2건,8,서울 서초구 효령로55길 19 2층,37.485658507521,127.014171603888
158,카페포레스트,카페,4.5,2건,3,서울 서초구 효령로60길 13,37.4849380506901,127.01877125596
159,광시 신흥농장직영점,"육류,고기",4.0,3건,4,서울 서초구 효령로60길 15,37.4847196331124,127.01885373992
160,양계장집아들,치킨,4.0,1건,6,서울 서초구 효령로57길 4,37.4854189072992,127.017065185618
161,군선생 남부터미널점,"해물,생선",5.0,1건,4,서울 서초구 효령로55길 28 브이사르망 빌딩 1층,37.4861327609484,127.01447946651
162,마담버터플라이,카페,3.0,6건,10,서울 서초구 서초중앙로 48,37.4862684624841,127.015809635456
163,원할머니보쌈족발 서초점,"족발,보쌈",3.0,2건,3,서울 서초구 효령로53길 21 신성오피스텔 1층 103호,37.485501901176,127.013496898963
164,해물솥밥모랑 남부터미널점,"해물,생선",3.3,10건,8,서울 서초구 반포대로14길 71 LG에클라트 2층,37.4869095170024,127.01450471794
165,지중해포차,실내포장마차,3.0,1건,2,서울 서초구 서초대로50길 62-5 1층,37.4903524131044,127.013270490764
166,커피829 남부터미널점,커피전문점,5.0,1건,11,서울 서초구 서초동 1743-1,37.4864487576097,127.014372337906
167,피자스쿨 남부터미널역점,피자,4.8,9건,2,서울 서초구 서초중앙로 42 블루핀타워 103호,37.4858656509843,127.016257753357
168,진미정생선구이,"해물,생선",3.0,12건,5,서울 서초구 사임당로 33,37.4883244624687,127.013729882838
169,엔제리너스 남부터미널점,커피전문점,5.0,1건,1,서울 서초구 효령로 321 덕원빌딩 1층,37.4861262360947,127.019172155661
170,쉬즈베이글 교대점,디저트카페,3.5,4건,2,서울 서초구 사임당로 60,37.4887411862251,127.016488479361
171,병천순대왕족발,순대,3.0,4건,4,서울 서초구 효령로53길 14,37.4852731799223,127.013888071085
172,담소소사골순대육개장 남부터미널점,순대,2.9,8건,5,서울 서초구 효령로55길 28 브이샤르망 1층 106호,37.4861327609484,127.01447946651
173,파파존스 서초점,피자,5.0,2건,1,서울 서초구 효령로 318,37.485472557821,127.019152201767
174,에슬로우 서초1호점,카페,2.6,5건,2,서울 서초구 반포대로14길 58 1층,37.4861893857813,127.01413665284
175,청해복장어전문점,"해물,생선",5.0,2건,0,서울 서초구 서초중앙로 63,37.4873275895417,127.014465676374
176,명동칼국수샤브샤브 서초점,샤브샤브,3.8,5건,7,서울 서초구 효령로55길 28 샤르망빌딩 지하1층,37.4861327609484,127.01447946651
177,최수사,일식집,3.0,5건,2,서울 서초구 효령로68길 112,37.4852506073616,127.018791007885
178,꼬꾸이,치킨,3.0,2건,4,서울 서초구 효령로 305,37.4855294785836,127.017560221616
179,통영味鮮,회,3.6,6건,0,서울 서초구 효령로68길 84,37.4855576929787,127.020292399663
180,서울양꼬치,양꼬치,3.3,10건,8,서울 서초구 반포대로14길 30,37.4854144025766,127.01278286113
181,산애들,"찌개,전골",4.5,4건,4,서울 서초구 반포대로12길 51,37.4853037924927,127.014071585247
182,황다방,다방,0.0,0건,2,서울 서초구 효령로 307,37.4855962923795,127.01783408772
183,노랑통닭 남부터미널점,치킨,3.0,6건,2,서울 서초구 효령로 303 10동 103호,37.4854765326893,127.017334073774
184,남오토코 교대점,일본식주점,0.0,0건,6,서울 서초구 서초대로50길 62-6,37.4905962309481,127.013224172968
185,칠갑청국장육회 남부터미널지점,한식,3.6,16건,10,서울 서초구 효령로57길 4,37.4854189072992,127.017065185618
186,플라티,카페,2.0,1건,2,서울 서초구 효령로68길 14,37.4866372742922,127.023715191547
187,그릴진 남부터미널역점,"육류,고기",0.0,0건,3,서울 서초구 효령로55길 22 그린빌오피스텔 지하 1층 B104호,37.4857996317481,127.014693666479
188,펀비어킹 남부터미널점,"호프,요리주점",0.0,0건,1,서울 서초구 반포대로14길 54,37.4859413703336,127.013865581091
189,미양마늘보쌈집 남부터미널점,"족발,보쌈",3.4,9건,5,서울 서초구 서초중앙로 26 래미안 서초유니빌 2층 220호,37.4846872089607,127.016991752076
190,송사부수제쌀고로케 남부터미널점,"제과,베이커리",3.0,5건,70,서울 서초구 효령로 292 1층 108호,37.4835466074664,127.015110886678
191,해월양꼬치샤브샤브 서초점,양꼬치,3.3,3건,8,서울 서초구 효령로 314 1층,37.4853058757741,127.018559459555
192,용궁해물탕,"매운탕,해물탕",0.0,0건,0,서울 서초구 서초중앙로8길 143,37.487689094807,127.023344650975
193,벨라빈스커피 남부터미널점,커피전문점,2.3,4건,1,서울 서초구 효령로55길 28 서초브이샤르망 1층,37.4861327609484,127.01447946651
194,통영미선,"해물,생선",0.0,0건,2,서울 서초구 효령로68길 84 1층,37.4855576929787,127.020292399663
195,한솥도시락 국제전자센터옆점,도시락,2.0,4건,5,서울 서초구 효령로 314,37.4853058757741,127.018559459555
196,카페준,카페,0.0,0건,22,서울 서초구 서초중앙로5길 10-8 쁘띠오피스텔 1층 106호,37.4858654442726,127.015099594605
197,요거프레소 서울교대점,디저트카페,3.5,2건,2,서울 서초구 사임당로 38 103호,37.4880750904502,127.014262743844
198,브라운하우스,양식,2.0,1건,2,서울 서초구 서초중앙로2길 72-5,37.4848726479992,127.021361826438
199,밸런스포인트,커피전문점,5.0,2건,5,서울 서초구 서초대로50길 59,37.4906083363664,127.013734145426
200,오징어나라 서초점,"해물,생선",3.3,5건,1,서울 서초구 반포대로14길 42,37.4858456414219,127.013448002236
201,라이브잼,라이브카페,0.0,0건,2,서울 서초구 효령로55길 57 지하1층,37.4872629612234,127.013932649965
202,맥주창고,술집,5.0,1건,2,서울 서초구 서초대로50길 82,37.489595083163,127.013561182941
203,더대박치킨 서초점,치킨,4.6,8건,3,서울 서초구 서초중앙로 49 동양라디안루키 1층 103호,37.4861258292985,127.015149284172
204,한우플러스,"육류,고기",0.0,0건,1,서울 서초구 서초대로46길 109 지산빌딩 2층,37.4902379938396,127.013976397133
205,장어만구이,장어,5.0,2건,0,서울 서초구 사임당로 25,37.4880009230794,127.012816092593
206,파리바게뜨 서초중앙점,"제과,베이커리",3.5,6건,2,서울 서초구 서리풀길 1,37.4865008426468,127.020956145229
207,국수명가,국수,3.5,2건,6,서울 서초구 효령로53길 14,37.4852731799223,127.013888071085
208,한가람,한식뷔페,0.0,0건,0,서울 서초구 사임당로 38 큐브플러스 지하1층,37.4880750904502,127.014262743844
209,송황칼국수,한식,4.0,3건,3,서울 서초구 남부순환로339길 51,37.4852447288975,127.021557652003
210,왕떡볶이,떡볶이,4.0,4건,1,서울 서초구 남부순환로339길 60,37.4856632268725,127.021669144238
211,월매네주막 서초점,"호프,요리주점",1.0,1건,2,서울 서초구 서초대로46길 99,37.4901744397779,127.01348530141
212,가마솥감자탕,감자탕,4.0,1건,0,서울 서초구 남부순환로339길 47-1 현우빌딩 1층,37.4848865537235,127.021690628752
213,오봉도시락 서울교대점,도시락,1.0,1건,4,서울 서초구 사임당로 60,37.4887411862251,127.016488479361
214,언더더스타즈,칵테일바,0.0,0건,10,서울 서초구 서초중앙로 103 지하1층,37.4908824057121,127.013880855014
215,무봤나촌닭 서초점,치킨,0.0,0건,0,서울 서초구 서초중앙로6길 25,37.4865746428516,127.016980081125
216,충무김밥 서초점,분식,4.0,1건,0,서울 서초구 서초중앙로5길 10-8,37.4858654442726,127.015099594605
217,래빈,닭요리,1.8,4건,6,서울 서초구 효령로57길 7,37.4855911668768,127.016524307979
218,김밥천국 남부터미널점,분식,1.8,5건,0,서울 서초구 효령로55길 28,37.4861327609484,127.01447946651
219,온이유,디저트카페,0.0,0건,1,서울 서초구 서초중앙로5길 10-8 쁘띠오피스텔 1층 7-2호,37.4858654442726,127.015099594605
220,참살이청국장,"찌개,전골",5.0,2건,2,서울 서초구 서초중앙로 63,37.4873275895417,127.014465676374
221,서초동고기집,"육류,고기",5.0,1건,4,서울 서초구 남부순환로339길 49 1층,37.4851328968109,127.021650334979
222,커피베이 서초점,커피전문점,0.0,0건,1,서울 서초구 사임당로 108 1층,37.4902878178638,127.021737194327
223,쟈니스커피,카페,0.0,0건,1,서울 서초구 사임당로14길 34 지하101호,37.4876972604927,127.017852000107
224,코로돈,"돈까스,우동",3.0,5건,5,서울 서초구 사임당로 105,37.4905455065109,127.021239172023
225,우래기사식당,기사식당,2.0,2건,1,서울 서초구 효령로 359,37.4873664708336,127.023207622119
226,완산골명가 남부터미널점,국밥,0.0,0건,1,서울 서초구 효령로68길 59 1층,37.485318474744,127.02181230117
227,남도맛집,한정식,4.0,5건,1,서울 서초구 효령로 307,37.4855962923795,127.01783408772
228,김가네 남부터미널점,분식,3.0,3건,3,서울 서초구 효령로55길 19,37.485658507521,127.014171603888
229,동호숯불바베큐호프,"호프,요리주점",4.5,2건,7,서울 서초구 효령로 307,37.4855962923795,127.01783408772
230,데일리3커피,커피전문점,4.3,3건,0,서울 서초구 사임당로 105 102호,37.4905455065109,127.021239172023
231,옛다원 서초점,카페,4.0,2건,4,서울 서초구 서초중앙로 39,37.4852789881319,127.015712528164
232,락가,일본식주점,5.0,1건,3,서울 서초구 서초중앙로5길 10-8 1층 7-3호,37.4858654442726,127.015099594605
233,을지로골뱅이와 꼬까닥치킨 진짜생맥주 서초본점,"호프,요리주점",5.0,1건,1,서울 서초구 효령로53길 21,37.485501901176,127.013496898963
234,또봉이통닭 서초점,치킨,4.0,1건,1,서울 서초구 사임당로 101 1층,37.4904083624175,127.020793051696
235,참치현,일식집,0.0,0건,2,서울 서초구 효령로55길 28 브이샤르망 207호,37.4861327609484,127.01447946651
236,교대시골밥상,한식,3.0,1건,3,서울 서초구 사임당로12길 17,37.4882555354808,127.01717358841
237,빨간모자피자 교대점,피자,0.0,0건,4,서울 서초구 사임당로 85,37.4898853490328,127.019062868873
238,권서방네순대국왕순대 남부터미널점,순대,3.0,9건,2,서울 서초구 효령로 305,37.4855294785836,127.017560221616
239,일억조중국요리,중화요리,1.0,2건,0,서울 서초구 사임당로 31,37.4882347498646,127.013488684094
240,미에뜨케이크,"제과,베이커리",4.8,4건,3,서울 서초구 사임당로14길 34 진성빌딩 102호,37.4876972604927,127.017852000107
241,빚은 남부터미널역점,"떡,한과",0.0,0건,0,서울 서초구 효령로 314 서광빌딩 1층 102호,37.4853058757741,127.018559459555
242,바나프레소 교대사거리점,카페,0.0,0건,0,서울 서초구 사임당로 38 1층 102호,37.4880750904502,127.014262743844
243,오사카동,"돈까스,우동",2.1,27건,11,서울 서초구 효령로 289,37.4851294931638,127.015844898549
244,장독대김치찌개 교대역점,"찌개,전골",0.0,0건,0,서울 서초구 서초대로50길 105,37.4886386932269,127.014076507534
245,청년다방,떡볶이,0.0,0건,0,서울 서초구 서초중앙로 99,37.4906233610491,127.013923323459
246,케이엠스톤스파트너스,음식점,0.0,0건,0,서울 서초구 서초대로46길 92 1층,37.4898862559772,127.013053079355
247,복고포차맛나슈퍼 서울교대점,실내포장마차,0.0,0건,1,서울 서초구 서초대로50길 93 지층,37.4890669600581,127.013926200625
248,9카페,카페,5.0,2건,1,서울 서초구 효령로 332,37.4858527254753,127.020568366092
249,진동횟집,회,0.0,0건,0,서울 서초구 서초대로50길 62-9,37.4903603599353,127.013109586323
250,교대족발,"족발,보쌈",5.0,1건,1,서울 서초구 서초대로46길 97,37.490174728018,127.013327222883
251,본도시락 남부터미널점,도시락,0.0,0건,3,서울 서초구 서초중앙로 42 블루핀 타워 105호,37.4858656509843,127.016257753357
252,브로드커피,커피전문점,5.0,1건,1,서울 서초구 서초중앙로 39 1층,37.4852789881319,127.015712528164
253,pH6.5플라워,테마카페,0.0,0건,1,서울 서초구 사임당로14길 7,37.4888420176392,127.017675087454
254,라이언위스키 교대2호점,술집,0.0,0건,0,서울 서초구 반포대로14길 58 1층 102호,37.4861893857813,127.01413665284
255,커피스타카토,커피전문점,0.0,0건,0,서울 서초구 서초중앙로8길 129,37.4874786725519,127.022607703477
256,라크레모사,아이스크림,3.0,2건,5,서울 서초구 효령로 341,37.4866397139995,127.021314501192
257,충무식당,한식뷔페,0.0,0건,1,서울 서초구 효령로 304 국제전자센터 지하1층 B5호,37.4847315992014,127.017803806463
258,애견호텔,애견카페,0.0,0건,0,서울 서초구 효령로57길 4,37.4854189072992,127.017065185618
259,피자헤븐 서초점,피자,0.0,0건,3,서울 서초구 사임당로 105,37.4905455065109,127.021239172023
260,서해수산,회,3.0,1건,1,서울 서초구 반포대로12길 51,37.4853037924927,127.014071585247
261,먹마포차,실내포장마차,2.5,2건,1,서울 서초구 효령로 318,37.485472557821,127.019152201767
262,바빈스커피 서초점,커피전문점,5.0,1건,0,서울 서초구 효령로68길 67 태담빌딩 지하 1층,37.4853601014751,127.021317868884
263,한국찹쌀순대,순대,4.5,2건,1,서울 서초구 반포대로14길 71,37.4869095170024,127.01450471794
264,우리들손칼국수,국수,4.5,2건,2,서울 서초구 효령로 304 국제전자센터 11층,37.4847315992014,127.017803806463
265,시크릿바,술집,0.0,0건,0,서울 서초구 서초대로50길 76,37.4898121370017,127.013551723943
266,보네르67,카페,0.0,0건,3,서울 서초구 효령로68길 67,37.4853601014751,127.021317868884
267,배달삼겹돼지되지 서초점,삼겹살,0.0,0건,1,서울 서초구 사임당로12길 17,37.4882555354808,127.01717358841
268,서초손칼국시보쌈 서초점,"족발,보쌈",5.0,1건,1,서울 서초구 효령로 305,37.4855294785836,127.017560221616
269,꼬꼬막 서초점,한식,2.0,1건,4,서울 서초구 효령로55길 28,37.4861327609484,127.01447946651
270,서초정육식당,"육류,고기",0.0,0건,1,서울 서초구 효령로55길 28,37.4861327609484,127.01447946651
271,명동할머니국수 남부터미널점,국수,3.6,5건,3,서울 서초구 서초중앙로 26 레미안서초유니빌 105,37.4846872089607,127.016991752076
272,멜슨하우스,카페,0.0,0건,0,서울 서초구 효령로61길 14-5,37.4866311248774,127.019394013905
273,나래종합한식분식,한식,0.0,0건,2,서울 서초구 서초중앙로 40-6,37.4856590222065,127.016456934397
274,앤티앤스프레즐 남부터미널점,"제과,베이커리",5.0,1건,0,서울 서초구 효령로 292 1층 107호,37.4835466074664,127.015110886678
275,삼첩분식,분식,0.0,0건,0,서울 서초구 서초대로50길 75 2층,37.4898649017233,127.013847762095
276,게장부페,뷔페,0.0,0건,0,서울 서초구 서초중앙로8길 13,37.486745765636,127.016186144862
277,블로엠 서초점,테마카페,0.0,0건,2,서울 서초구 사임당로 66 1층,37.4889994957009,127.017187101343
278,페이드,카페,0.0,0건,0,서울 서초구 반포대로12길 49 1층,37.4852911888735,127.013983164141
279,방배족발 서초점,"족발,보쌈",0.0,0건,0,서울 서초구 효령로53길 18 석탑오피스텔 108호,37.4855048196074,127.013969183554
280,사랑이네김밥,분식,1.0,1건,0,서울 서초구 효령로 314,37.4853058757741,127.018559459555
281,화평냉면지짐이,"호프,요리주점",4.0,3건,1,서울 서초구 효령로 307,37.4855962923795,127.01783408772
282,인정국물떡볶이,떡볶이,0.0,0건,0,서울 서초구 효령로55길 57,37.4872629612234,127.013932649965
283,감나무참숯갈비 서초본점,갈비,5.0,1건,2,서울 서초구 서초중앙로 58,37.4871437304777,127.015593855751
284,우아베이크,"제과,베이커리",0.0,0건,1,서울 서초구 사임당로18길 18 1층,37.4888090991767,127.019038737028
285,바메디컬팀,칵테일바,0.0,0건,0,서울 서초구 서초대로50길 67,37.4902546011258,127.013731253787
286,우리동네청년어부서초점,일식,0.0,0건,1,서울 서초구 남부순환로339길 53,37.4853736750311,127.021492675202
287,사랑하는카페,커피전문점,0.0,0건,1,서울 서초구 사임당로 102-5,37.4901825860377,127.021209217513
288,해오름떡방,"떡,한과",0.0,0건,2,서울 서초구 사임당로 105,37.4905455065109,127.021239172023
289,라돌체비타바,술집,0.0,0건,2,서울 서초구 서초중앙로 95,37.4903747692098,127.013955956023
290,막창인생,"곱창,막창",0.0,0건,0,서울 서초구 서초중앙로 99,37.4906233610491,127.013923323459
291,정겨운오뎅집,오뎅바,1.0,2건,0,서울 서초구 서초대로50길 75,37.4898649017233,127.013847762095
292,카페ASAP,카페,5.0,1건,0,서울 서초구 서초중앙로8길 111,37.4872245855266,127.021660549587
293,우리집,한식,0.0,0건,1,서울 서초구 서초중앙로8길 106,37.4868997244394,127.021427871072
294,경성찹쌀꽈배기,"제과,베이커리",0.0,0건,0,서울 서초구 서초중앙로 45 1층,37.4857832271806,127.015448732619
295,낭만쭈꾸미,"해물,생선",0.0,0건,0,서울 서초구 효령로55길 57,37.4872629612234,127.013932649965
296,옛집큰손,한식,4.0,2건,1,서울 서초구 효령로68길 110,37.4852738320271,127.018924772458
297,카페녹색광선,카페,0.0,0건,1,서울 서초구 서초중앙로 63-6 1층,37.4875648387701,127.014352425107
298,끌레르,카페,5.0,1건,0,서울 서초구 효령로68길 32,37.4860772047712,127.02281442288
299,뮤직샤워,칵테일바,5.0,1건,0,서울 서초구 서초대로50길 94,37.4890335646337,127.013652331411
300,단풍애김밥 남부터미널점,분식,5.0,2건,2,서울 서초구 효령로68길 74,37.4856869986451,127.020747985774
301,매화,중화요리,2.5,6건,5,서울 서초구 남부순환로339길 53,37.4853736750311,127.021492675202
302,치킨뱅이 남부터미널점,"호프,요리주점",3.0,2건,1,"서울 서초구 효령로55길 28 브이샤르망 1층 111,112호",37.4861327609484,127.01447946651
303,그린쿡한식뷔페&호프,"호프,요리주점",0.0,0건,1,서울 서초구 서초중앙로 42,37.4858656509843,127.016257753357
304,비어뱅크,"호프,요리주점",3.7,3건,0,서울 서초구 반포대로24길 96,37.4888282723171,127.014017292973
305,소담 교대점,한식,0.0,0건,2,서울 서초구 사임당로8길 4,37.4883932032357,127.015249245506
306,S바,술집,0.0,0건,0,서울 서초구 서초대로50길 62-6,37.4905962309481,127.013224172968
307,명인만두 남부터미널점,분식,1.7,4건,0,서울 서초구 효령로55길 28 105호,37.4861327609484,127.01447946651
308,뜨레봉뺑,"제과,베이커리",5.0,3건,0,서울 서초구 효령로68길 59,37.485318474744,127.02181230117
309,해누리참치,참치회,0.0,0건,0,서울 서초구 서초대로46길 106,37.4900047429788,127.013806176476
310,그릴드치즈,샌드위치,0.0,0건,0,서울 서초구 서초중앙로 50 신현빌딩 1층,37.4863900179681,127.015738653675
311,와플마스터 교대점,패스트푸드,0.0,0건,0,서울 서초구 서초중앙로 91,37.4898645152162,127.014068709282
312,착형,카페,3.5,2건,3,서울 서초구 효령로 304 국제전자센터 지하1층 1024호,37.4847315992014,127.017803806463
313,하늘감동족발보쌈,"족발,보쌈",0.0,0건,0,서울 서초구 서초대로46길 106 2층,37.4900047429788,127.013806176476
314,아사칸 교대점,"호프,요리주점",2.0,1건,1,서울 서초구 서초대로46길 99,37.4901744397779,127.01348530141
315,유황오리,오리,0.0,0건,0,서울 서초구 서초중앙로8길 143,37.487689094807,127.023344650975
316,강구항을지로골뱅이,"호프,요리주점",2.5,4건,1,서울 서초구 효령로 303,37.4854765326893,127.017334073774
317,센트로커피,카페,0.0,0건,2,서울 서초구 효령로55길 39 1층,37.486578275487,127.014014385044
318,금잔디샵,"떡,한과",0.0,0건,0,서울 서초구 효령로68길 84,37.4855576929787,127.020292399663
319,피아노,양식,0.0,0건,0,서울 서초구 서초대로50길 79,37.4897435302428,127.0138967008
320,맥주창고 서초점,"호프,요리주점",3.0,1건,0,서울 서초구 서초대로50길 82 2층,37.489595083163,127.013561182941
321,정선할매곤드레밥 교대점,한식,0.0,0건,1,서울 서초구 사임당로 26,37.4876445587152,127.012960084157
322,다솜채,카페,0.0,0건,0,서울 서초구 서초중앙로 96 서울교대 제2미술관 1층,37.4907404857731,127.015424537648
323,크림앤토마토,분식,4.6,5건,11,서울 서초구 효령로 304,37.4847315992014,127.017803806463
324,클럽1d1m,카페,0.0,0건,2,서울 서초구 서초중앙로6길 29,37.4866574263629,127.01711273039
325,삼미감자탕,감자탕,0.0,0건,0,서울 서초구 서초중앙로5길 10-8,37.4858654442726,127.015099594605
326,서초꽈배기,"제과,베이커리",0.0,0건,3,서울 서초구 효령로57길 4,37.4854189072992,127.017065185618
327,밀라노,술집,1.0,1건,0,서울 서초구 반포대로12길 29,37.4852490619679,127.012834278618
328,황정원꼼장어닭발 서초본점,장어,0.0,0건,0,서울 서초구 서초중앙로 83,37.4891321589395,127.014212401086
329,이조,한식,4.0,2건,3,서울 서초구 효령로 304,37.4847315992014,127.017803806463
330,짱이야산곰장어,장어,0.0,0건,0,서울 서초구 사임당로 39,37.4884189352008,127.014095010132
331,정원레스토랑,양식,0.0,0건,0,서울 서초구 서초대로50길 82,37.489595083163,127.013561182941
332,커피킹,카페,5.0,2건,0,서울 서초구 사임당로8길 4,37.4883932032357,127.015249245506
333,명동칼국수,국수,3.0,2건,0,서울 서초구 효령로 304,37.4847315992014,127.017803806463
334,오즈룸,"제과,베이커리",0.0,0건,0,서울 서초구 효령로66길 2 동원빌딩 1층,37.4864632029303,127.022309912375
335,A1,칵테일바,0.0,0건,0,서울 서초구 서초대로50길 104,37.4885454809991,127.013718729127
336,남부족발,"족발,보쌈",0.0,0건,1,서울 서초구 효령로 305 1층 106호,37.4855294785836,127.017560221616
337,류,일본식주점,0.0,0건,9,서울 서초구 서초중앙로8길 12,37.4865382572739,127.016231214753
338,로빈스베이커리 남부터미널점,"제과,베이커리",0.0,0건,5,서울 서초구 효령로68길 74 이마트에브리데이 1층,37.4856869986451,127.020747985774
339,마마푸드,한식,0.0,0건,0,서울 서초구 반포대로14길 54,37.4859413703336,127.013865581091
340,홍연자명품김밥,분식,3.0,1건,0,서울 서초구 효령로68길 74,37.4856869986451,127.020747985774
341,초록다방,다방,0.0,0건,0,서울 서초구 사임당로 105,37.4905455065109,127.021239172023
342,카페아리코,카페,0.0,0건,0,서울 서초구 효령로 304 지하 1층 26호,37.4847315992014,127.017803806463
343,삿갓촌,"육류,고기",0.0,0건,0,서울 서초구 서초중앙로8길 143,37.487689094807,127.023344650975
344,자매곱창,"곱창,막창",0.0,0건,0,서울 서초구 반포대로24길 96,37.4888282723171,127.014017292973
345,뜨락,분식,0.0,0건,0,서울 서초구 효령로 304,37.4847315992014,127.017803806463
346,올리브나무,카페,0.0,1건,0,서울 서초구 효령로70길 36-27,37.484815770818,127.023840006782
347,오대양참치,참치회,0.0,0건,0,서울 서초구 사임당로 39,37.4884189352008,127.014095010132
348,카페다임,커피전문점,0.0,0건,1,서울 서초구 서리풀3길 24 103호,37.4878630919288,127.018141728295
349,도시락나라,도시락,0.0,0건,0,서울 서초구 사임당로12길 11,37.4885004371308,127.017120500502
350,두리두리식당분식,분식,3.0,1건,0,서울 서초구 사임당로 113,37.4907824166955,127.022030429923
351,명동치킨,치킨,4.0,1건,1,서울 서초구 서초중앙로 45,37.4857832271806,127.015448732619
352,마치래빗,패밀리레스토랑,0.0,0건,0,서울 서초구 사임당로 31,37.4882347498646,127.013488684094
353,소소한펍,술집,5.0,1건,0,서울 서초구 사임당로 38,37.4880750904502,127.014262743844
354,지오,카페,0.0,0건,0,서울 서초구 서초중앙로 72,37.4881216800977,127.014931006517
355,전주성,중화요리,0.0,0건,0,서울 서초구 효령로 304,37.4847315992014,127.017803806463
356,더브라운베이커리 서초사무소,"제과,베이커리",0.0,0건,0,서울 서초구 효령로 305,37.4855294785836,127.017560221616
357,나인아울스,카페,5.0,1건,1,서울 서초구 효령로68길 104,37.4853400090711,127.019216390281
358,봄cafe2019,카페,0.0,0건,0,서울 서초구 서초중앙로 50,37.4863900179681,127.015738653675
359,연,술집,0.0,0건,0,서울 서초구 서초대로46길 97,37.490174728018,127.013327222883
360,카페인하비토모,카페,0.0,0건,1,서울 서초구 효령로 304 국제전자센터 9층 9070호,37.4847315992014,127.017803806463
361,밀크커피,카페,0.0,0건,0,서울 서초구 효령로55길 39,37.486578275487,127.014014385044
362,장어와 어부,장어,0.0,0건,0,서울 서초구 서초대로50길 62-6,37.4905962309481,127.013224172968
363,애크메아샤브샤브,샤브샤브,0.0,0건,0,서울 서초구 서초대로50길 62-6,37.4905962309481,127.013224172968
364,무교족발,한정식,0.0,0건,1,서울 서초구 사임당로 94,37.4898291373489,127.020083010782
365,카페일레븐,커피전문점,0.0,0건,0,서울 서초구 반포대로14길 42 1층,37.4858456414219,127.013448002236
366,모모랑,카페,0.0,0건,0,서울 서초구 효령로 359,37.4873664708336,127.023207622119
367,퓨어바,술집,0.0,0건,0,서울 서초구 서초대로46길 100 지하1층,37.4899808098296,127.013515118273
368,물끄러미카페,카페,0.0,0건,0,서울 서초구 효령로67길 71-11,37.4898250478065,127.022288071182
369,하타다,커피전문점,4.5,2건,0,서울 서초구 효령로 314 서광빌딩1층 108호,37.4853058757741,127.018559459555
370,상록,술집,0.0,0건,0,서울 서초구 사임당로 86,37.4895276711862,127.019479115821
371,에스에스,와인바,0.0,0건,0,서울 서초구 서초대로50길 62-6 삼아빌딩 지하1층,37.4905962309481,127.013224172968
372,가미,"해물,생선",0.0,0건,1,서울 서초구 사임당로 105,37.4905455065109,127.021239172023
373,홈푸드,한식,5.0,1건,0,서울 서초구 효령로68길 110,37.4852738320271,127.018924772458
374,자매가정식백반집,한식,0.0,0건,0,서울 서초구 효령로68길 110,37.4852738320271,127.018924772458
375,드렁크829,술집,0.0,0건,1,서울 서초구 효령로55길 15,37.4854603723598,127.01420017259
376,통닭가 서초점,치킨,0.0,0건,1,서울 서초구 효령로57길 4 101호,37.4854189072992,127.017065185618
377,춘원산오리,오리,0.0,0건,0,서울 서초구 효령로57길 4,37.4854189072992,127.017065185618
378,커피쿠,커피전문점,0.0,1건,0,서울 서초구 서초중앙로 87,37.4896221390159,127.014111745008
379,블링블링 서초1호점,아이스크림,0.0,0건,0,서울 서초구 남부순환로339길 60,37.4856632268725,127.021669144238
380,콩사랑,한식,1.0,3건,2,서울 서초구 반포대로14길 71,37.4869095170024,127.01450471794
381,이리오리,한식,0.0,0건,0,서울 서초구 효령로 305,37.4855294785836,127.017560221616
382,둘둘치킨 교대점,치킨,0.0,0건,0,서울 서초구 사임당로 85 1층,37.4898853490328,127.019062868873
383,모짜르트클럽,카페,0.0,0건,0,서울 서초구 효령로 358,37.4867000659724,127.023305560354
384,콩이몽이카페,카페,0.0,0건,0,서울 서초구 서리풀길 4 지층,37.4868251726491,127.021140991807
385,뉴욕핫도그앤커피 양재남부터미널점,패스트푸드,0.0,0건,0,서울 서초구 효령로 292 양재 남부터미널 JR글로벌아앤씨,37.4835466074664,127.015110886678
386,페이드커피바,와인바,0.0,0건,0,서울 서초구 반포대로12길 49,37.4852911888735,127.013983164141
387,바른고기파는사람들 서초점,"육류,고기",0.0,0건,0,서울 서초구 효령로68길 82,37.4855376619701,127.020458377799
388,커피콩36.5도씨,커피전문점,0.0,0건,0,서울 서초구 서초중앙로 26 래미안 서초유니빌 107호,37.4846872089607,127.016991752076
389,살몬드비프,"스테이크,립",1.5,2건,0,서울 서초구 사임당로 26 1층,37.4876445587152,127.012960084157
390,옹심이네,한식,0.0,0건,1,서울 서초구 효령로 304,37.4847315992014,127.017803806463
391,나트랑,동남아음식,0.0,0건,0,서울 서초구 서초중앙로 42 1층,37.4858656509843,127.016257753357
392,한방숯불바베큐,치킨,0.0,0건,0,서울 서초구 효령로 305,37.4855294785836,127.017560221616
393,카페늘,커피전문점,0.0,0건,1,서울 서초구 사임당로 101 1층 1호,37.4904083624175,127.020793051696
394,우이령,한식,0.0,0건,0,서울 서초구 서초중앙로5길 10-8,37.4858654442726,127.015099594605
395,한가람,"찌개,전골",0.0,0건,4,서울 서초구 효령로 304 국제전자센터 11층,37.4847315992014,127.017803806463
396,SM카페,"호프,요리주점",0.0,0건,0,서울 서초구 효령로53길 14,37.4852731799223,127.013888071085
397,카페티타임,카페,0.0,0건,0,서울 서초구 반포대로12길 29,37.4852490619679,127.012834278618
398,제이스비스트로,이탈리안,0.0,0건,0,서울 서초구 서초중앙로5길 10-8,37.4858654442726,127.015099594605
399,내추럴커피 서초점,커피전문점,0.0,0건,0,서울 서초구 반포대로14길 42,37.4858456414219,127.013448002236
400,사랑채,한식,0.0,0건,0,서울 서초구 서초중앙로 69,37.4878376687184,127.014313467711
401,고향밥상,한식,1.0,1건,1,서울 서초구 남부순환로339길 60,37.4856632268725,127.021669144238
402,더브라이언스,카페,5.0,1건,28,서울 서초구 서초중앙로 58 피앤디 솔로빌 지하1층 B101호,37.4871437304777,127.015593855751
403,오뎅사께 서초점,오뎅바,0.0,0건,0,서울 서초구 효령로55길 28 브이샤르망106호,37.4861327609484,127.01447946651
404,퓨전포차,실내포장마차,0.0,0건,0,서울 서초구 효령로68길 66,37.4855833562834,127.021401150283
405,족삼리,한식,0.0,0건,0,서울 서초구 효령로55길 57,37.4872629612234,127.013932649965
406,위스키글렌,술집,0.0,0건,0,서울 서초구 사임당로 38 1층 101호,37.4880750904502,127.014262743844
407,뷔폐식백반,한식,0.0,0건,0,서울 서초구 효령로 304,37.4847315992014,127.017803806463
408,소딜리셔스 서울교대점,커피전문점,0.0,0건,0,서울 서초구 서초중앙로 87,37.4896221390159,127.014111745008
409,수도시락,도시락,0.0,0건,0,서울 서초구 효령로57길 9,37.4856567467197,127.01662099556
410,큰집식당,한식,0.0,0건,0,서울 서초구 서초동 1577-11,37.4897671130809,127.014095602672
411,클로리스홀,뷔페,2.0,1건,0,서울 서초구 서초중앙로 26,37.4846872089607,127.016991752076
412,서초동 그집,실내포장마차,0.0,0건,0,서울 서초구 효령로53길 18 1층,37.4855048196074,127.013969183554
413,지유명차 교대점,전통찻집,0.0,0건,3,서울 서초구 서초중앙로12길 38 1층 101호,37.4879666875693,127.017068478883
414,하림,"육류,고기",0.0,0건,0,서울 서초구 효령로53길 21 신성B동 오피스텔 305호,37.485501901176,127.013496898963
415,비엠티엘,양식,0.0,0건,0,서울 서초구 서초대로50길 67,37.4902546011258,127.013731253787
416,회무로,회,0.0,0건,0,서울 서초구 효령로68길 110,37.4852738320271,127.018924772458
417,맛고을,한식,5.0,3건,1,서울 서초구 서초중앙로6길 7,37.4861980516193,127.016121351333
418,꼬꾸이 서일점,치킨,0.0,0건,1,서울 서초구 남부순환로339길 47-1 1층 102호,37.4848865537235,127.021690628752
419,큰이모네,한식,0.0,0건,0,서울 서초구 서초대로64길 110,37.4908487928909,127.022180387956
420,열라쭈꾸미 서초점,"해물,생선",0.0,0건,0,서울 서초구 효령로68길 66,37.4855833562834,127.021401150283
421,소소야마켓,간식,0.0,0건,0,서울 서초구 사임당로8길 10 제일빌딩 1층,37.4880847799566,127.015313181369
422,시애틀,피자,0.0,0건,0,서울 서초구 반포대로14길 54,37.4859413703336,127.013865581091
423,정우푸드,음식점,0.0,0건,0,서울 서초구 효령로 359 송남빌딩 302,37.4873664708336,127.023207622119
424,교대애니메클럽,카페,0.0,0건,3,서울 서초구 서초중앙로 101,37.4907529289,127.013898131633
425,빵이야기,"제과,베이커리",0.0,0건,0,서울 서초구 사임당로14길 15,37.4885650246813,127.017829139844
426,커피볶는집시다모 교대점,카페,3.0,3건,0,서울 서초구 사임당로 66,37.4889994957009,127.017187101343
427,카페미소,카페,0.0,0건,0,서울 서초구 반포대로24길 75,37.4889469560155,127.013047601483
428,카페더머그,커피전문점,1.0,1건,0,서울 서초구 반포대로12길 37 1층,37.4853937117376,127.013305908324
429,안동장,중화요리,0.0,0건,0,서울 서초구 사임당로 31,37.4882347498646,127.013488684094
430,휴,카페,0.0,0건,0,서울 서초구 서초중앙로5길 10-8,37.4858654442726,127.015099594605
431,유벤타 교대점,"호프,요리주점",0.0,0건,2,서울 서초구 반포대로24길 76,37.4886782741364,127.013059766586
432,교대한분식,분식,0.0,0건,0,서울 서초구 사임당로10길 1,37.4886496230808,127.015983816637
433,카페마메,카페,0.0,0건,0,서울 서초구 효령로 307,37.4855962923795,127.01783408772
434,몽돌바당,일식,0.0,0건,0,서울 서초구 서초동 1603-3,37.4860814151729,127.016454878747
435,이자카야쇼부 교대점,"호프,요리주점",0.0,0건,0,서울 서초구 서초대로50길 59 지하1층,37.4906083363664,127.013734145426
436,백운목장,한식,0.0,0건,0,서울 서초구 서리풀길 29-7,37.488891066764,127.019734834422
437,더볼코리아,치킨,0.0,0건,0,서울 서초구 반포대로24길 96,37.4888282723171,127.014017292973
438,맥스패트,양식,0.0,0건,0,서울 서초구 사임당로 93,37.4901850331775,127.02009588352
439,카페인 세종&세종부동산,카페,0.0,0건,0,서울 서초구 반포대로14길 71,37.4869095170024,127.01450471794
440,백년불고기,한식,0.0,0건,0,서울 서초구 효령로55길 22,37.4857996317481,127.014693666479
441,전문가,한식,0.0,0건,0,서울 서초구 반포대로12길 30,37.4848247687891,127.012910639156
442,맛있는뷔페,뷔페,0.0,0건,0,서울 서초구 효령로 304,37.4847315992014,127.017803806463
443,밀밭,국밥,0.0,0건,0,서울 서초구 효령로 304,37.4847315992014,127.017803806463
444,대청마루,한식,0.0,0건,0,서울 서초구 사임당로 28,37.4877514833018,127.01318658415
445,코바 서초점,한식,0.0,0건,0,서울 서초구 효령로 316-1,37.4854201490875,127.018966531325
446,맨발의 청춘,음식점,0.0,0건,0,서울 서초구 효령로53길 18 석탑오피스텔 115,37.4855048196074,127.013969183554
447,오래오래,"호프,요리주점",5.0,3건,1,서울 서초구 서초대로50길 93 동명빌딩 지하1층,37.4890669600581,127.013926200625
448,화과방 서울영업소,간식,0.0,0건,0,서울 서초구 남부순환로333길 56,37.4846317175855,127.021858571824
449,(주)씨에스종합개발,커피전문점,0.0,0건,0,서울 서초구 서초중앙로 69,37.4878376687184,127.014313467711
450,다미,한식,0.0,0건,0,서울 서초구 서초중앙로 69,37.4878376687184,127.014313467711
451,주글래포차,실내포장마차,0.0,0건,0,서울 서초구 서초대로50길 76,37.4898121370017,127.013551723943
452,보네스뻬 남부터미널점,"제과,베이커리",0.0,0건,0,서울 서초구 효령로 304 전자센타1층,37.4847315992014,127.017803806463
453,맛짱,분식,0.0,0건,0,서울 서초구 사임당로 105,37.4905455065109,127.021239172023
454,원스(ONE'S),카페,5.0,1건,0,서울 서초구 사임당로 101,37.4904083624175,127.020793051696
455,이오포장마차,실내포장마차,0.0,0건,0,서울 서초구 효령로53길 45 1층,37.4865276721133,127.012932415371
456,프로보노,한식,0.0,0건,0,서울 서초구 효령로 304,37.4847315992014,127.017803806463
457,홍C,"호프,요리주점",0.0,0건,0,서울 서초구 효령로 279,37.4849415024327,127.014765522044
458,비바체,술집,0.0,0건,0,서울 서초구 사임당로8길 4,37.4883932032357,127.015249245506
459,범수사,일식집,0.0,0건,0,서울 서초구 효령로55길 28,37.4861327609484,127.01447946651
460,아이콘,술집,0.0,0건,0,서울 서초구 효령로 307,37.4855962923795,127.01783408772
461,파티데이즈,해산물,0.0,0건,0,서울 서초구 서초중앙로2길 74,37.4848862103015,127.02109928911
462,오키드,술집,0.0,0건,0,서울 서초구 사임당로 25,37.4880009230794,127.012816092593
463,구띠에델리,카페,0.0,0건,0,서울 서초구 효령로 304 국제전자센터 11층,37.4847315992014,127.017803806463
464,드리옹 17,퓨전한식,0.0,0건,1,서울 서초구 남부순환로339길 60,37.4856632268725,127.021669144238
465,딱밥,퓨전한식,0.0,0건,0,서울 서초구 효령로 305 지하1층3호,37.4855294785836,127.017560221616
466,직화락,도시락,0.0,0건,0,서울 서초구 서초동 1626-5 서일빌딩 402호,37.4887874748714,127.016653575699
467,하동녹차앤LS,전통찻집,0.0,0건,0,서울 서초구 서초중앙로 68,37.4878304573821,127.015064485727
468,아이비,카페,0.0,0건,0,서울 서초구 서초중앙로5길 10-8,37.4858654442726,127.015099594605
469,담미온 서초점,국밥,0.0,0건,0,서울 서초구 서초중앙로 54 1층,37.4867563056226,127.015528307892
470,1992꿀꽈배기 서초점,"제과,베이커리",0.0,0건,1,서울 서초구 반포대로14길 58 1층 105호,37.4861893857813,127.01413665284
471,맛나스넥,분식,0.0,0건,0,서울 서초구 사임당로 58 제일빌딩,37.4886519231458,127.016295331893
472,바지락,"호프,요리주점",0.0,0건,0,서울 서초구 서리풀길 4,37.4868251726491,127.021140991807
473,카페박마담,카페,0.0,0건,0,서울 서초구 효령로 304,37.4847315992014,127.017803806463
474,미담,한식,0.0,0건,0,서울 서초구 반포대로18길 56,37.4871206635658,127.013399949812
475,치킨톡,치킨,0.0,0건,0,서울 서초구 효령로 305,37.4855294785836,127.017560221616
476,오케이해물떡집,"해물,생선",0.0,0건,0,서울 서초구 서초중앙로8길 70 브이샤르망 109호,37.4870046261298,127.01918956678
477,곳간하임,한식,0.0,0건,0,서울 서초구 사임당로8길 4 1층,37.4883932032357,127.015249245506
478,개성장터 서초점,갈비,0.0,0건,0,서울 서초구 서초대로50길 62-9,37.4903603599353,127.013109586323
479,신촌떡볶이,떡볶이,0.0,0건,0,서울 서초구 서초대로50길 105,37.4886386932269,127.014076507534
480,수제돈까스오카,양식,1.0,2건,0,서울 서초구 효령로 304,37.4847315992014,127.017803806463
481,화로牛가네,"육류,고기",0.0,0건,0,서울 서초구 서초대로50길 104,37.4885454809991,127.013718729127
482,더까페,카페,0.0,0건,0,서울 서초구 사임당로 27,37.4881098155374,127.013174322322
483,하이들 서초본점,분식,2.0,1건,0,서울 서초구 서초중앙로8길 17,37.4867883623402,127.01633857201
484,탑비어 교대본점,"호프,요리주점",0.0,0건,0,서울 서초구 서초대로46길 109,37.4902379938396,127.013976397133
485,몽치네,한식,1.0,3건,1,서울 서초구 효령로 304,37.4847315992014,127.017803806463
486,체리홀릭,카페,0.0,0건,0,서울 서초구 효령로 304,37.4847315992014,127.017803806463
487,통영장어구이,장어,0.0,0건,0,서울 서초구 서초중앙로 54 2층,37.4867563056226,127.015528307892
488,숯불바베큐교대호프,"호프,요리주점",0.0,0건,0,서울 서초구 사임당로 31,37.4882347498646,127.013488684094
489,향도촌,갈비,0.0,0건,0,서울 서초구 사임당로 108,37.4902878178638,127.021737194327
490,잭슨비빔밥,한식,0.0,0건,0,서울 서초구 효령로 304,37.4847315992014,127.017803806463
491,씨에프푸드테크,음식점,0.0,0건,0,서울 서초구 사임당로14길 15 서광빌딩 1 2층,37.4885650246813,127.017829139844
492,씨피플랜(CPPLAN) 돼지토마토,한식,0.0,0건,0,서울 서초구 서초중앙로8길 26,37.486771693572,127.016978429679
493,맘마오갈비,갈비,0.0,0건,0,서울 서초구 효령로55길 27,37.4860159449826,127.014109144504
494,케이제이에이치푸드,음식점,0.0,0건,0,서울 서초구 서초중앙로 26 래미안서초유니빌 102호 202호,37.4846872089607,127.016991752076
495,남초원,"육류,고기",0.0,0건,0,서울 서초구 서리풀2길 30,37.4876246428242,127.022571225546
496,수부찌,한식,0.0,0건,0,서울 서초구 효령로 304,37.4847315992014,127.017803806463
497,천년식향,한식,0.0,0건,0,서울 서초구 효령로 316-1,37.4854201490875,127.018966531325
498,크래버 대게나라 서초점,"게,대게",4.8,166건,101,서울 서초구 반포대로 68,37.4866959229668,127.010814651461
499,심빠띠아,이탈리안,3.6,13건,115,서울 서초구 반포대로16길 30 1층,37.4863466292182,127.012374501538
500,제주은희네해장국 예술의전당점,해장국,4.4,12건,14,서울 서초구 반포대로12길 14 1층,37.4846718584428,127.01214786615
501,든든한우가,"육류,고기",4.1,8건,88,서울 서초구 반포대로16길 34,37.4864004944284,127.012517655925
502,린스시,"초밥,롤",3.6,8건,12,서울 서초구 반포대로12길 10,37.484634304268,127.01197272013
503,김봉남포장마차 남부터미널점,실내포장마차,4.7,6건,26,서울 서초구 반포대로12길 26,37.4847898270854,127.01275019151
504,낙천정,한정식,2.5,2건,3,서울 서초구 효령로49길 19,37.4847721516939,127.010118674975
505,진오돌뼈 교대점,"육류,고기",4.1,14건,12,서울 서초구 효령로53길 67,37.4876216991397,127.012720595918
506,서초삼계탕,삼계탕,4.5,2건,0,서울 서초구 반포대로12길 7 1층,37.4848574258379,127.011653907381
507,홍루몽,중식,4.7,6건,3,서울 서초구 반포대로12길 26,37.4847898270854,127.01275019151
508,커피빈 서초동점,커피전문점,5.0,1건,0,서울 서초구 반포대로 70,37.486696128715,127.010531864513
509,두레 서초점,"육류,고기",3.0,2건,2,서울 서초구 사임당로 13,37.4876613660552,127.0116272059
510,백암순대감자탕,순대,4.3,4건,5,서울 서초구 반포대로14길 30,37.4854144025766,127.01278286113
511,카페토다 서초점,카페,3.7,3건,0,서울 서초구 반포대로14길 26,37.4853558653878,127.01251804697
512,유선식당,"해물,생선",3.3,11건,2,서울 서초구 효령로49길 25,37.4850014655984,127.010033566444
513,부산복집,복어,4.6,6건,0,서울 서초구 반포대로20길 10,37.487546766524,127.010575855418
514,타쿠야,술집,5.0,3건,7,서울 서초구 효령로49길 38,37.48564875539,127.009969995734
515,퐁안,베트남음식,0.0,0건,21,서울 서초구 반포대로12길 9 2층,37.4849028215415,127.011806215494
516,크래프트리퍼블릭,"호프,요리주점",5.0,1건,9,서울 서초구 사임당로 17 김정문알로에빌딩 1층,37.4877826920136,127.012025009189
517,포마토,분식,2.0,3건,1,서울 서초구 효령로53길 67,37.4876216991397,127.012720595918
518,앨리스가든 플라워앤티하우스,테마카페,0.0,0건,1,서울 서초구 반포대로14길 18 1층,37.4852614709034,127.012220098619
519,최가네,한식,0.0,0건,13,서울 서초구 반포대로12길 10,37.484634304268,127.01197272013
520,진미식당,한식,0.0,0건,0,서울 서초구 반포대로12길 15,37.4849817168204,127.012132539211
521,화로강씨,한정식,5.0,1건,4,서울 서초구 반포대로12길 10,37.484634304268,127.01197272013
522,풀떼기,카페,3.3,3건,2,서울 서초구 효령로53길 67 1층,37.4876216991397,127.012720595918
523,(주)해어름,음식점,0.0,0건,0,서울 서초구 반포대로 58,37.4859598096289,127.01165317407
524,부뚜막,"육류,고기",3.0,2건,0,서울 서초구 효령로51길 18,37.4852102552666,127.012585523868
525,서초동커피집,커피전문점,0.0,0건,0,서울 서초구 효령로49길 19,37.4847721516939,127.010118674975
526,더휴,카페,0.0,0건,1,서울 서초구 반포대로14길 27 1층,37.4858323367831,127.01234513203
527,한강오리마을,오리,0.0,0건,0,서울 서초구 반포대로20길 7-4,37.487810601652,127.010350202411
528,돌섬세꼬시,회,0.0,0건,0,서울 서초구 반포대로 65,37.4861787258719,127.010000594733
529,정가대박집교대점,한식,0.0,0건,0,서울 서초구 사임당로 11,37.487615252473,127.011442553894
530,제이앤에이치푸드,음식점,0.0,0건,0,서울 서초구 반포대로16길 30,37.4863466292182,127.012374501538
531,옥향의집,"육류,고기",4.0,1건,0,서울 서초구 반포대로12길 26,37.4847898270854,127.01275019151
532,마포집,갈비,3.0,1건,0,서울 서초구 반포대로12길 10,37.484634304268,127.01197272013
533,상하이,중화요리,0.0,0건,0,서울 서초구 반포대로12길 26,37.4847898270854,127.01275019151
534,자야바,와인바,0.0,0건,0,서울 서초구 반포대로 58 서초아트자이 1층 127호,37.4859598096289,127.01165317407
535,선산산업,음식점,0.0,0건,0,서울 서초구 반포대로 49,37.4849013123841,127.01061912631
536,아미고,칵테일바,0.0,0건,0,서울 서초구 효령로51길 8,37.4847883103697,127.012610440826
537,예담,한식,0.0,0건,0,서울 서초구 반포대로12길 26,37.4847898270854,127.01275019151
538,소울&그루브,"호프,요리주점",0.0,0건,0,서울 서초구 반포대로12길 26 지하1층,37.4847898270854,127.01275019151
539,꿈의대화,라이브카페,0.0,0건,0,서울 서초구 반포대로12길 7,37.4848574258379,127.011653907381
540,미스터호,"호프,요리주점",0.0,0건,0,서울 서초구 반포대로12길 9 2층,37.4849028215415,127.011806215494
541,화음,양식,0.0,0건,0,서울 서초구 반포대로 65,37.4861787258719,127.010000594733
542,에스에스유통 서울사무소,음식점,0.0,0건,0,서울 서초구 반포대로 49 선산빌딩 3층,37.4849013123841,127.01061912631
543,루엘드파리,"제과,베이커리",3.9,73건,266,서울 서초구 서초중앙로 18 112호,37.4840476212544,127.017348668302
544,봉산옥 서초동본점,국수,3.7,79건,145,서울 서초구 반포대로8길 5-6,37.4833822130797,127.012453383943
545,오프레,양식,3.8,19건,134,서울 서초구 반포대로4길 12 석탑빌딩 1층,37.4818351712773,127.01336700925
546,아이비스타 서초점,뷔페,3.4,8건,46,서울 서초구 반포대로 22 서초평화빌딩 지하1층,37.4828043695941,127.012703271873
547,하오차이,중화요리,3.4,29건,65,서울 서초구 효령로 260 정풍빌딩 1층,37.4840424529593,127.012634511497
548,요요마의키친,이탈리안,3.4,36건,268,서울 서초구 반포대로 20 1층,37.4824452369632,127.012614908746
549,곰포차,실내포장마차,3.1,13건,63,서울 서초구 효령로52길 8,37.4838715283798,127.012664897282
550,선궁,중화요리,3.9,21건,36,서울 서초구 반포대로 22 서초평화빌딩 지하1층,37.4828043695941,127.012703271873
551,시골집,쌈밥,4.3,27건,23,서울 서초구 반포대로10길 7,37.4837370520536,127.012245063852
552,노브랜드버거 남부터미널점,햄버거,4.0,5건,32,서울 서초구 효령로 292 1층,37.4835466074664,127.015110886678
553,허수아비돈까스 본점,"돈까스,우동",3.5,35건,50,서울 서초구 반포대로 16,37.4820641862832,127.012745771154
554,오늘와인한잔 예당점,와인바,3.8,5건,70,서울 서초구 반포대로 38 와라빌딩 1층,37.4838948518183,127.011920818206
555,초초베이크숍,디저트카페,3.3,23건,28,서울 서초구 남부순환로 2419 아트빌딩 1층,37.4816830554397,127.015076253596
556,뱅스시,"초밥,롤",4.4,12건,72,서울 서초구 반포대로10길 35 서초지웰 상가동 지하 1층 104호,37.4842424493185,127.013690467291
557,서초갈비 서초본점,"육류,고기",2.6,7건,17,서울 서초구 반포대로 12 2층,37.4818071951364,127.012960997921
558,하일아트레스토랑,이탈리안,3.0,2건,20,서울 서초구 반포대로4길 54 한원빌딩 신관 지하1층,37.4818783884938,127.015809049625
559,나주곰탕 서초본점,곰탕,3.6,43건,34,서울 서초구 효령로 259,37.484510092862,127.012479463325
560,매드포갈릭 예술의전당점,패밀리레스토랑,3.6,26건,57,서울 서초구 반포대로 22 서초평화빌딩 지하1층,37.4828043695941,127.012703271873
561,스타벅스 남부터미널2점,커피전문점,3.6,5건,7,서울 서초구 효령로 274,37.4843935767795,127.014213538613
562,부라문,중화요리,3.6,19건,21,서울 서초구 남부순환로325길 9,37.4817321410906,127.014511066108
563,투썸플레이스 예술의전당점,커피전문점,1.8,6건,4,서울 서초구 반포대로 34 로얄빌딩 1층,37.4837163548787,127.011991342452
564,동보성,중화요리,4.0,3건,26,서울 서초구 남부순환로325길 17,37.481984055308,127.014574995117
565,호남집뼈다귀감자탕,감자탕,3.7,9건,13,서울 서초구 효령로 257,37.4844805586476,127.01229957005
566,오우치,"육류,고기",5.0,8건,21,서울 서초구 효령로 266 2층,37.4841742925994,127.013255264735
567,고래,일본식주점,4.3,3건,22,서울 서초구 반포대로4길 9 서일빌딩 1층,37.4820584621809,127.01318094803
568,오늘와인한잔 남부터미널역점,와인바,4.0,2건,17,서울 서초구 서초중앙로 15 현대슈퍼빌상가동 1층 104호,37.4830108887405,127.015641614311
569,예술상회,한식,5.0,4건,38,서울 서초구 반포대로10길 45 1층,37.48417111057,127.014273308255
570,찜통 남부터미널점,"육류,고기",2.8,38건,32,서울 서초구 효령로 276,37.484383366249,127.014453689027
571,앤티앤스프레즐 서초본점,"제과,베이커리",0.0,0건,9,서울 서초구 효령로 258 시트러스빌딩 1층,37.4839904832456,127.012460494963
572,아비꼬 예술의전당점,퓨전요리,2.7,15건,18,서울 서초구 반포대로 30 1층,37.4832191535572,127.012232768385
573,탐앤탐스 남부터미널역점,커피전문점,1.9,10건,4,서울 서초구 효령로 276 덕암빌딩 1층,37.484383366249,127.014453689027
574,서강쇠떡볶이 남부터미널점,떡볶이,3.3,4건,7,서울 서초구 효령로52길 8 혜원빌딩 1층 106호,37.4838715283798,127.012664897282
575,부산아지매국밥 BC카드점,국밥,2.9,9건,11,서울 서초구 효령로 264 1층,37.4841813353084,127.01312230063
576,배스킨라빈스 남부터미널역점,아이스크림,4.0,2건,4,서울 서초구 반포대로10길 35 서초지웰 103호,37.4842424493185,127.013690467291
577,우면산꽁보리밥집,한식,3.5,5건,13,서울 서초구 반포대로 30,37.4832191535572,127.012232768385
578,바른치킨 남부터미널점,치킨,4.2,20건,28,서울 서초구 반포대로10길 35 서초지웰 상가동 1층 101호,37.4842424493185,127.013690467291
579,설빙 남부터미널점,디저트카페,1.7,7건,5,서울 서초구 효령로 264 2층,37.4841813353084,127.01312230063
580,와라와라 예술의전당점,"호프,요리주점",4.0,7건,7,서울 서초구 반포대로 38 와라빌딩 1층/2층,37.4838948518183,127.011920818206
581,크리스피파이,디저트카페,5.0,2건,17,서울 서초구 효령로 258,37.4839904832456,127.012460494963
582,샤브향 서초남부점,동남아음식,3.2,6건,19,서울 서초구 효령로 260 2층,37.4840424529593,127.012634511497
583,퀴즈노스서브 남부터미널점,샌드위치,1.4,30건,11,서울 서초구 효령로 276 1층 102호,37.484383366249,127.014453689027
584,공차 남부터미널점,카페,3.0,3건,2,서울 서초구 효령로 292 1층,37.4835466074664,127.015110886678
585,함경순대,순대,4.1,8건,3,서울 서초구 효령로 259 동정빌딩 105호,37.484510092862,127.012479463325
586,이디야커피 예술의전당점,커피전문점,3.3,4건,2,서울 서초구 반포대로 32 원일빌딩,37.4834385607122,127.012120757084
587,바바치킨 서초직영점,치킨,0.0,0건,2,서울 서초구 효령로52길 1,37.4841270366188,127.012829790189
588,부정부페,뷔페,3.5,2건,1,서울 서초구 효령로 254,37.483968625658,127.012105352746
589,밥심이,한식,4.2,10건,8,서울 서초구 효령로52길 8,37.4838715283798,127.012664897282
590,깐부치킨 예술의전당점,치킨,3.3,4건,3,"서울 서초구 남부순환로 2419 아트빌딩 1층 2,3호",37.4816830554397,127.015076253596
591,바노이,베트남음식,4.4,5건,20,서울 서초구 반포대로 10 1층,37.4816501466664,127.012984826868
592,밀마을칼국수,국수,4.5,6건,6,서울 서초구 효령로52길 12,37.4837440242743,127.012770704706
593,맛닭꼬 예술의전당점,닭요리,3.3,4건,3,서울 서초구 반포대로 30,37.4832191535572,127.012232768385
594,미소야 서초점,"돈까스,우동",2.3,10건,4,서울 서초구 반포대로10길 35 서초지웰상가 1층 111호,37.4842424493185,127.013690467291
595,복있는집,"찌개,전골",3.5,6건,1,서울 서초구 남부순환로323길 15,37.4817109901697,127.013560775483
596,대가 본점,"사철탕,영양탕",4.5,4건,0,서울 서초구 반포대로10길 11,37.4838120876808,127.012421231706
597,김밥천국 예술의전당점,분식,0.0,0건,1,서울 서초구 반포대로10길 35,37.4842424493185,127.013690467291
598,소윤화,중화요리,4.5,2건,3,서울 서초구 남부순환로323길 49,37.4832903615863,127.013620758944
599,진심에취하다,일본식주점,5.0,1건,2,서울 서초구 효령로52길 35 101호,37.4827173677162,127.013200736839
600,EU,카페,5.0,5건,7,서울 서초구 효령로52길 8,37.4838715283798,127.012664897282
601,태평가,복어,4.5,2건,2,서울 서초구 남부순환로323길 15,37.4817109901697,127.013560775483
602,오페라빈로스터스 예술의전당점,카페,5.0,1건,0,서울 서초구 남부순환로 2433-7,37.4822086453579,127.016200203433
603,우리김밥,분식,4.0,1건,1,서울 서초구 효령로 292,37.4835466074664,127.015110886678
604,브로앤시스,카페,5.0,1건,0,서울 서초구 서초중앙로 18,37.4840476212544,127.017348668302
605,서초회관,설렁탕,2.5,2건,0,서울 서초구 효령로52길 42,37.4823995184588,127.012960082668
606,플로라벨로,테마카페,0.0,0건,33,서울 서초구 반포대로4길 62,37.4821455909279,127.016081700104
607,J Bar,카페,5.0,1건,0,서울 서초구 반포대로 32,37.4834385607122,127.012120757084
608,치&강 남부터미널점,닭강정,0.0,0건,2,서울 서초구 효령로 292 1층 121-2호,37.4835466074664,127.015110886678
609,바다양푼이동태탕 서초점,"해물,생선",5.0,1건,2,서울 서초구 반포대로 12,37.4818071951364,127.012960997921
610,생생포차,실내포장마차,4.3,3건,1,서울 서초구 반포대로8길 11-10,37.4836882654257,127.012644401577
611,카페고도,카페,0.0,0건,6,서울 서초구 효령로52길 12 1층,37.4837440242743,127.012770704706
612,가정식백반 남부촌,한식,0.0,0건,1,서울 서초구 남부순환로323길 63,37.4836201672502,127.01330039281
613,퐁데자르,"제과,베이커리",5.0,3건,1,서울 서초구 남부순환로323길 44-3,37.4830810204053,127.013936848207
614,오늘와인,술집,0.0,0건,1,서울 서초구 반포대로 38,37.4838948518183,127.011920818206
615,구름산원주추어탕,추어,0.0,0건,1,서울 서초구 효령로 254 지하,37.483968625658,127.012105352746
616,까페드센,카페,5.0,1건,2,서울 서초구 반포대로 13 1층,37.4818750626152,127.011900146102
617,그래놀라와 오슬로우,커피전문점,5.0,1건,5,서울 서초구 반포대로8길 7 1층,37.4832247088415,127.012528319453
618,루엘드파리 아뜰리에,"제과,베이커리",0.0,0건,7,서울 서초구 서초중앙로 18,37.4840476212544,127.017348668302
619,아틀란틱랍스터,바닷가재,4.0,1건,0,서울 서초구 반포대로4길 62 거암빌딩1층,37.4821455909279,127.016081700104
620,돌쇠고기,"육류,고기",0.0,0건,0,서울 서초구 효령로 261 2층,37.484552236358,127.01270187181
621,오미야,기사식당,3.0,1건,0,서울 서초구 반포대로 22,37.4828043695941,127.012703271873
622,젬인브라운,카페,2.7,3건,6,서울 서초구 남부순환로325길 17,37.481984055308,127.014574995117
623,커피온리 남부터미널점,커피전문점,1.0,1건,2,서울 서초구 효령로 292 서울남부터미널 121-1호,37.4835466074664,127.015110886678
624,소담화플라워카페,테마카페,0.0,0건,0,서울 서초구 남부순환로323길 56-3 1층,37.4836338180914,127.013689903976
625,만랩커피 남부터미널점,커피전문점,0.0,0건,0,서울 서초구 서초동 1446-11,37.4831095760729,127.016112094844
626,미셸푸드카페안젤로 서초평화지점,카페,4.0,1건,0,서울 서초구 반포대로 22,37.4828043695941,127.012703271873
627,장충동왕족발,"족발,보쌈",0.0,0건,0,서울 서초구 서초중앙로 14,37.4835986618593,127.017864818801
628,아워홈 게임빌서초점,한식,5.0,1건,0,서울 서초구 서초중앙로 4,37.482713030212,127.018063486739
629,군선생 예술의전당점,"육류,고기",2.7,5건,0,서울 서초구 반포대로 38 와라빌딩 4층,37.4838948518183,127.011920818206
630,소공동뚝배기집 남부터미널본점,"찌개,전골",2.8,5건,0,서울 서초구 반포대로8길 5-10,37.4835643151568,127.012375060231
631,맥스생맥주전문점,"호프,요리주점",0.0,0건,0,서울 서초구 남부순환로325길 9,37.4817321410906,127.014511066108
632,예술다방,카페,0.0,0건,1,서울 서초구 반포대로10길 24,37.4837409180386,127.013160778805
633,카페525,카페,4.0,4건,1,서울 서초구 효령로52길 5,37.4839440321864,127.012917836855
634,서울남부터미널 구내식당,구내식당,0.0,0건,1,서울 서초구 효령로 292 2층,37.4835466074664,127.015110886678
635,남부식당,한식,0.0,0건,0,서울 서초구 반포대로10길 45,37.48417111057,127.014273308255
636,서초포차,실내포장마차,0.0,0건,0,서울 서초구 반포대로 12 1층,37.4818071951364,127.012960997921
637,참호도과자 남부터미널점,간식,5.0,1건,0,서울 서초구 효령로 292 122호,37.4835466074664,127.015110886678
638,델리뉴스 현대슈퍼빌점,카페,0.0,0건,0,서울 서초구 서초중앙로 15,37.4830108887405,127.015641614311
639,FLORAVELLO,카페,0.0,0건,1,서울 서초구 반포대로4길 62,37.4821455909279,127.016081700104
640,킹콩분식 남부터미널점,분식,0.0,0건,1,서울 서초구 효령로 262,37.4841569350922,127.012967283237
641,예술,"호프,요리주점",5.0,1건,1,서울 서초구 반포대로8길 5-6,37.4833822130797,127.012453383943
642,와사라 예당점,일식,0.0,0건,2,서울 서초구 반포대로10길 35 1층 104호,37.4842424493185,127.013690467291
643,라이브존,술집,0.0,0건,0,서울 서초구 남부순환로325길 9,37.4817321410906,127.014511066108
644,스위트가든,카페,0.0,0건,0,서울 서초구 효령로52길 12,37.4837440242743,127.012770704706
645,향촌식당,한식,0.0,0건,0,서울 서초구 남부순환로 2433-7,37.4822086453579,127.016200203433
646,아여수 서리풀점,한식,4.5,2건,0,서울 서초구 반포대로8길 11-10,37.4836882654257,127.012644401577
647,맥주와포차,술집,0.0,0건,0,서울 서초구 반포대로12길 6,37.4845985548496,127.011767498905
648,바다밥상온스테이지,일식집,5.0,2건,1,서울 서초구 효령로 264,37.4841813353084,127.01312230063
649,호로록국수,국수,1.0,1건,2,서울 서초구 효령로 292 남부터미널 1층 111-1호,37.4835466074664,127.015110886678
650,씨앤필코리아,음식점,0.0,0건,0,서울 서초구 서초중앙로 18,37.4840476212544,127.017348668302
651,블루비노,양식,3.0,1건,0,서울 서초구 효령로 260,37.4840424529593,127.012634511497
652,비앤제이,한식,0.0,0건,0,서울 서초구 반포대로4길 13,37.4820365251941,127.013556311813
653,서초 명가 버섯매운탕,음식점,0.0,0건,0,서울 서초구 남부순환로323길 59 1층,37.4835281631951,127.013398403673
654,명식품,한식,0.0,0건,0,서울 서초구 반포대로4길 58,37.4819531499502,127.015974701815
655,만랩커피,커피전문점,0.0,0건,0,서울 서초구 서초중앙로 15,37.4830108887405,127.015641614311
656,맥스웰하우스,커피전문점,0.0,0건,0,서울 서초구 효령로 292,37.4835466074664,127.015110886678
657,커피앤커피,카페,0.0,0건,0,서울 서초구 반포대로 30,37.4832191535572,127.012232768385
658,라이브테마,"호프,요리주점",0.0,0건,0,서울 서초구 반포대로 30,37.4832191535572,127.012232768385
659,차포차,일식,0.0,0건,0,서울 서초구 반포대로12길 6,37.4845985548496,127.011767498905
660,자매식당,한식,0.0,0건,0,서울 서초구 서초중앙로 15 현대뉴퍼빌상가 1층,37.4830108887405,127.015641614311
661,장인의맛,한식,0.0,0건,0,서울 서초구 반포대로10길 35,37.4842424493185,127.013690467291
662,릿츠,양식,0.0,0건,0,서울 서초구 반포대로 11,37.4816729332516,127.012224036657
663,레프레미스,"제과,베이커리",4.1,48건,92,서울 서초구 남부순환로337길 36 1층,37.4843489302432,127.020638507033
664,부일갈비 본점,갈비,4.3,7건,52,서울 서초구 서초중앙로2길 42,37.4839052530171,127.019703786757
665,우면산버드나무집,"육류,고기",3.4,35건,7,서울 서초구 남부순환로 2461,37.4829026381052,127.019538111058
666,만다린,중화요리,3.4,8건,91,서울 서초구 남부순환로335길 37,37.4842132374078,127.021650747994
667,타지 서초점,인도음식,3.7,26건,22,서울 서초구 서초중앙로2길 35,37.484096350928,127.019192893295
668,수미관,한정식,4.3,3건,21,서울 서초구 서초중앙로2길 38,37.4838118505352,127.019510307644
669,도라스시,일식집,4.0,2건,22,서울 서초구 효령로60길 23-4,37.4843094649164,127.019035446922
670,까페라리 서초점,커피전문점,4.2,10건,17,서울 서초구 서초중앙로2길 37 1층,37.4841775919612,127.019376306751
671,팔당반점 서초직영점,중화요리,3.5,4건,7,서울 서초구 남부순환로 2457 1층,37.4827477317651,127.01912764981
672,만리향,중화요리,1.0,1건,14,서울 서초구 서초중앙로2길 37,37.4841775919612,127.019376306751
673,포프롬나드 본점,동남아음식,2.8,18건,20,서울 서초구 남부순환로331길 12,37.4830829726744,127.018717651718
674,타미하우스 남부터미널점,샌드위치,0.0,0건,1,서울 서초구 남부순환로333길 13,37.483384328791,127.020008132847
675,이베리코,한정식,5.0,4건,1,서울 서초구 남부순환로339길 23,37.4840794887023,127.022344366967
676,커먼띵스,카페,3.0,2건,4,서울 서초구 남부순환로339길 25 1층,37.4841690682102,127.02224229527
677,팔당반점,중식,0.0,0건,0,서울 서초구 남부순환로 2457,37.4827477317651,127.01912764981
678,돈바바,갈비,5.0,2건,0,서울 서초구 남부순환로331길 10,37.4829454656103,127.018800380198
679,미스터브리즈커피 남부터미널점,커피전문점,3.5,2건,0,서울 서초구 서초중앙로2길 34,37.4838183756596,127.019279656281
680,바다풍경,회,0.0,0건,1,서울 서초구 남부순환로335길 41,37.484308268485,127.02178848976
681,백암순대국,순대,0.0,0건,0,서울 서초구 남부순환로335길 41,37.484308268485,127.02178848976
682,베리언스,카페,0.0,0건,0,서울 서초구 남부순환로337가길 33,37.4839431212365,127.023504377489
683,서초복집,복어,0.0,0건,0,서울 서초구 서초중앙로2길 34,37.4838183756596,127.019279656281
684,울엄마김밥 서초본점,분식,4.0,2건,0,서울 서초구 남부순환로333길 15-4,37.483585763269,127.02019067327
685,마포 돼지갈비생삼겹살,갈비,5.0,1건,1,서울 서초구 남부순환로333길 36,37.4840296280525,127.021062754186
686,국수마을,국수,3.4,5건,0,서울 서초구 남부순환로339길 25,37.4841690682102,127.02224229527
687,궁순대국생삼겹살,한식,3.0,3건,0,서울 서초구 남부순환로333길 35,37.4841718406435,127.020874313491
688,벼리스타,카페,2.0,1건,0,서울 서초구 서초중앙로2길 21 102동 102호,37.4839059857673,127.018515809239
689,전주콩나물해장국밥,국밥,0.0,0건,0,서울 서초구 서초동 1428-4,37.4840261821836,127.020677425865
690,더치앤빈 남부터미널점,커피전문점,0.0,0건,0,서울 서초구 서초중앙로2길 35,37.484096350928,127.019192893295
691,떡의명가하늘채,"떡,한과",5.0,1건,0,서울 서초구 서초중앙로2길 21,37.4839059857673,127.018515809239
692,왕솥뚜껑생삼겹살,한식,0.0,0건,0,서울 서초구 서초동 1428-4,37.4840261821836,127.020677425865
693,시골밥상,"족발,보쌈",3.0,1건,0,서울 서초구 남부순환로333길 27,37.4838959183475,127.020551322109
694,서초맛골집,한식,3.0,1건,0,서울 서초구 남부순환로337가길 33,37.4839431212365,127.023504377489
695,청주본가,한식,0.0,0건,0,서울 서초구 남부순환로337길 35,37.4841114421004,127.020536908738
696,막썰어횟집,회,0.0,0건,0,서울 서초구 남부순환로335길 41,37.484308268485,127.02178848976
697,외가집,한식,3.0,2건,0,서울 서초구 남부순환로331길 6-3,37.4830040947482,127.018966372837
698,카페아미아,카페,0.0,0건,0,서울 서초구 남부순환로337가길 49 송파빌딩 3층,37.4842221155219,127.023744729785
699,숙카페,커피전문점,0.0,0건,0,서울 서초구 남부순환로333길 10,37.483161800288,127.020414200242
700,카페파울리,카페,0.0,0건,0,서울 서초구 남부순환로333길 10,37.483161800288,127.020414200242
701,샌드프레소 JW타워점,샌드위치,0.0,0건,0,서울 서초구 남부순환로 2477 JW타워 1층,37.483193101706,127.021230080623
702,송쉐프 서초점,중화요리,0.0,0건,0,서울 서초구 남부순환로339길 33 1층,37.4844283409248,127.021961289697
703,돈우리,"육류,고기",0.0,0건,0,서울 서초구 남부순환로339길 23 1층,37.4840794887023,127.022344366967
704,마노,카페,0.0,0건,0,서울 서초구 남부순환로 2449 1층,37.4825043283212,127.018247390396
705,칼디하우스 서초점,카페,0.0,0건,0,서울 서초구 서초중앙로2길 35 1층 3호,37.484096350928,127.019192893295
706,해물왕짬뽕,중화요리,0.0,0건,0,서울 서초구 남부순환로335길 37,37.4842132374078,127.021650747994
707,진로분식,분식,4.0,1건,1,서울 서초구 서초중앙로2길 34,37.4838183756596,127.019279656281
